{"RM Patidar":{
    "2021": {
      "matchesPlayed": 4,
      "runsScored": 71,
      "ballsFaced": 65,
      "fifties": 0,
      "hundreds": 0,
      "avgBatting": 17.75,
      "strikeRate": 109.23076923076923
    },
    "2022": {
      "matchesPlayed": 7,
      "runsScored": 333,
      "ballsFaced": 232,
      "fifties": 0,
      "hundreds": 0,
      "avgBatting": 47.57142857142857,
      "strikeRate": 143.5344827586207
    }
  }
}