{"Tilak Varma":{
    "2022": {
      "matchesPlayed": 14,
      "runsScored": 397,
      "ballsFaced": 313,
      "fifties": 0,
      "hundreds": 0,
      "avgBatting": 28.357142857142858,
      "strikeRate": 126.83706070287539
    }
  }
}